Date,META,AAPL,AMZN,NFLX,GOOGL
2020-01-02,209.78,72.4683,94.9005,32.981,68.1868
2020-01-03,208.67,71.7661,93.7485,32.59,67.8302
2020-01-06,212.6,72.3337,95.144,33.583,69.6381
2020-01-07,213.06,71.997,95.343,33.075,69.5035
2020-01-08,215.22,73.1541,94.5985,33.926,69.9983
2020-01-09,218.3,74.7105,95.0525,33.566,70.733
2020-01-10,218.06,74.8745,94.158,32.905,71.1899
2020-01-13,221.91,76.4775,94.565,33.892,71.7415
2020-01-14,219.06,75.4434,93.472,33.869,71.2711
2020-01-15,221.15,75.1183,93.101,33.907,71.7
2020-01-16,221.77,76.06,93.897,33.862,72.2461
2020-01-17,222.14,76.9037,93.236,33.967,73.7088
2020-01-21,221.44,76.3821,94.6,33.811,73.8448
2020-01-22,221.32,76.6543,94.373,32.6,73.9405
2020-01-23,219.76,77.0225,94.229,34.96,73.9663
2020-01-24,217.94,76.8008,93.082,35.316,73.0438
2020-01-27,214.87,74.5445,91.417,34.288,71.3279
2020-01-28,217.79,76.6523,92.6625,34.852,72.2631
2020-01-29,223.23,78.256,92.9,34.316,72.5719
2020-01-30,209.53,78.142,93.534,34.774,72.4499
2020-01-31,201.91,74.6821,100.436,34.509,71.3803
2020-02-03,204.19,74.4748,100.21,35.8,73.8622
2020-02-04,209.83,76.9331,102.484,36.901,72.0094
2020-02-05,210.11,77.5568,101.994,36.967,72.0413
2020-02-06,210.85,78.4673,102.512,36.695,73.5319
2020-02-07,212.33,77.4008,103.964,36.677,73.6883
2020-02-10,213.06,77.7672,106.696,37.107,75.1606
2020-02-11,207.19,77.3015,107.54,37.369,75.2303
2020-02-12,210.76,79.134,108.0,38.001,75.6573
2020-02-13,213.14,78.5703,107.494,38.14,75.3962
2020-02-14,214.18,78.59,106.744,38.04,75.6622
2020-02-18,217.8,77.1521,107.784,38.778,75.6975
2020-02-19,217.49,78.2679,108.511,38.619,75.9681
2020-02-20,214.58,77.4674,107.655,38.6,75.5755
2020-02-21,210.18,75.7114,104.798,38.007,73.9051
2020-02-24,200.72,72.1157,100.464,36.87,70.7365
2020-02-25,196.77,69.6713,98.637,36.009,69.0655
2020-02-26,197.2,70.778,98.9795,37.924,69.2724
2020-02-27,189.75,66.1513,94.215,37.171,65.51
2020-02-28,192.47,66.1118,94.1875,36.903,66.7206
2020-03-02,196.44,72.2649,97.6975,38.105,69.0655
2020-03-03,185.89,69.9727,95.4495,36.877,66.6444
2020-03-04,191.76,73.2187,98.7915,38.379,68.8305
2020-03-05,185.17,70.8408,96.2015,37.278,65.5005
2020-03-06,181.09,69.9008,95.0545,36.897,64.5529
2020-03-09,169.5,64.3717,90.0305,34.649,60.5699
2020-03-10,178.19,69.0102,94.591,36.413,63.5282
2020-03-11,170.24,66.6147,91.043,34.992,60.3264
2020-03-12,154.47,60.0355,83.8305,31.525,55.3767
2020-03-13,170.28,67.2276,89.25,33.6295,60.4942
2020-03-16,146.01,58.5799,84.4575,29.884,53.4562
2020-03-17,149.42,61.1569,90.392,31.975,55.7011
2020-03-18,146.96,59.6574,91.5,31.547,54.3625
2020-03-19,153.13,59.1996,94.0465,33.203,55.3827
2020-03-20,149.73,55.4419,92.3045,33.283,53.2176
2020-03-23,148.1,54.2652,95.1415,36.027,52.5161
2020-03-24,160.98,59.7074,97.005,35.732,56.2964
2020-03-25,156.21,59.3812,94.292,34.239,54.8821
2020-03-26,163.34,62.5035,97.7745,36.299,57.9359
2020-03-27,156.79,59.9176,95.005,35.712,55.3125
2020-03-30,165.95,61.6264,98.1975,37.096,57.1084
2020-03-31,166.8,61.4987,97.486,37.55,57.8877
2020-04-01,159.6,58.2664,95.385,36.408,54.906
2020-04-02,158.19,59.2368,95.9415,37.008,55.6498
2020-04-03,154.18,58.3875,95.3295,36.176,54.4377
2020-04-06,165.55,63.4798,99.8795,37.996,58.9458
2020-04-07,168.83,62.7433,100.58,37.228,58.9144
2020-04-08,174.28,64.3478,102.15,37.112,60.132
2020-04-09,175.19,64.8157,102.138,37.072,60.1105
2020-04-13,174.79,66.0865,108.444,39.672,60.3019
2020-04-14,178.17,69.4247,114.166,41.355,63.0331
2020-04-15,176.97,68.7902,115.384,42.675,62.6379
2020-04-16,176.25,69.3383,120.41,43.917,62.6444
2020-04-17,179.24,68.3952,118.75,42.296,63.7191
2020-04-20,178.24,66.9741,119.681,43.749,62.8297
2020-04-21,170.8,64.9079,116.406,43.383,60.3891
2020-04-22,182.28,66.774,118.174,42.142,62.6932
2020-04-23,185.13,66.5176,119.972,42.67,63.3289
2020-04-24,190.07,68.4378,120.511,42.499,63.5994
2020-04-27,187.5,68.4867,118.8,42.138,63.3135
2020-04-28,182.91,67.3759,115.704,40.383,61.4068
2020-04-29,194.19,69.5867,118.636,41.189,66.8667
2020-04-30,204.71,71.056,123.7,41.985,67.0918
2020-05-01,202.27,69.9108,114.302,41.527,65.6281
2020-05-04,205.26,70.8999,115.8,42.815,65.9061
2020-05-05,207.07,71.9683,115.89,42.468,67.2074
2020-05-06,208.47,72.7101,117.563,43.426,67.0286
2020-05-07,211.26,73.4584,118.381,43.653,68.2167
2020-05-08,212.35,75.2076,118.98,43.555,68.9671
2020-05-11,213.18,76.392,120.45,44.052,69.926
2020-05-12,210.1,75.5178,117.848,43.182,68.5107
2020-05-13,205.1,74.6084,118.396,43.827,67.173
2020-05-14,206.81,75.064,119.442,44.195,67.5979
2020-05-15,210.88,74.623,120.489,45.419,68.405
2020-05-18,213.19,76.3801,121.313,45.258,69.0088
2020-05-19,216.88,75.9391,122.466,45.104,68.4717
2020-05-20,229.97,77.4154,124.897,44.767,70.2034
2020-05-21,231.39,76.8379,122.337,43.625,70.0835
2020-05-22,234.91,77.3338,121.844,42.932,70.4068
2020-05-26,232.2,76.8085,121.093,41.477,70.8117
2020-05-27,229.14,77.1453,120.52,41.989,70.7575
2020-05-28,225.46,77.1798,120.055,41.344,70.6558
2020-05-29,225.09,77.1033,122.118,41.973,71.4171
2020-06-01,231.91,78.0508,123.552,42.592,71.4844
2020-06-02,232.72,78.4133,123.62,42.731,71.8549
2020-06-03,230.16,78.8423,123.92,42.197,71.7025
2020-06-04,226.29,78.1638,123.03,41.433,70.4595
2020-06-05,230.77,80.3915,124.15,41.96,71.741
2020-06-08,231.4,80.8667,126.203,41.949,72.1405
2020-06-09,238.67,83.4192,130.043,43.405,72.3418
2020-06-10,236.73,85.5653,132.372,43.448,72.9705
2020-06-11,224.43,81.459,127.898,42.556,69.8418
2020-06-12,228.58,82.1614,127.251,41.807,70.3908
2020-06-15,232.5,83.1777,128.634,42.55,70.7805
2020-06-16,235.65,85.3816,130.764,43.613,72.0623
2020-06-17,235.53,85.2627,132.049,44.777,72.3647
2020-06-18,235.94,85.2971,132.699,44.987,71.447
2020-06-19,238.79,84.8091,133.751,45.372,70.9747
2020-06-22,239.22,87.0286,135.691,46.804,72.271
2020-06-23,242.24,88.8868,138.22,46.626,72.9346
2020-06-24,234.02,87.3157,136.72,45.785,71.3763
2020-06-25,235.68,88.4741,137.729,46.591,71.7947
2020-06-26,216.08,85.7588,134.644,44.34,67.8809
2020-06-29,220.64,87.7347,134.019,44.724,69.6061
2020-06-30,227.07,88.4645,137.941,45.504,70.6463
2020-07-01,237.55,88.2976,143.935,48.564,71.8396
2020-07-02,233.42,88.2976,144.515,47.689,73.231
2020-07-06,240.28,90.6607,152.852,49.381,74.7116
2020-07-07,240.86,90.3806,150.006,49.316,74.2269
2020-07-08,243.58,92.4835,154.056,50.278,74.9084
2020-07-09,244.5,92.8155,159.132,50.776,75.6588
2020-07-10,245.07,93.0441,160.0,54.873,76.6725
2020-07-13,239.0,92.6149,155.2,52.55,75.3384
2020-07-14,239.73,94.148,154.2,52.488,75.7683
2020-07-15,240.28,94.7972,150.444,52.326,75.5701
2020-07-16,240.93,93.6294,149.995,52.739,75.4724
2020-07-17,242.03,93.4409,148.098,49.299,75.5686
2020-07-20,245.42,95.4091,159.842,50.241,77.9096
2020-07-21,241.75,94.0924,156.914,49.01,77.515
2020-07-22,239.87,94.3563,154.996,48.982,77.9599
2020-07-23,232.6,90.0614,149.328,47.758,75.5636
2020-07-24,230.71,89.8383,150.445,48.045,75.1381
2020-07-27,233.5,91.9687,152.76,49.565,76.1953
2020-07-28,230.12,90.4571,150.016,48.851,74.9109
2020-07-29,233.29,92.1937,151.676,48.448,75.9004
2020-07-30,234.5,93.3085,152.594,48.58,76.6407
2020-07-31,253.67,103.084,158.234,48.888,74.1287
2020-08-03,251.96,105.668,155.594,49.862,73.8702
2020-08-04,249.83,106.376,156.942,50.964,73.399
2020-08-05,249.12,106.76,160.252,50.211,73.6873
2020-08-06,265.28,110.49,161.25,50.908,74.9757
2020-08-07,268.44,107.967,158.373,49.473,74.6478
2020-08-10,263.0,109.557,157.408,48.338,74.5706
2020-08-11,256.13,106.298,154.034,46.693,73.7596
2020-08-12,259.89,109.834,158.112,47.547,75.0897
2020-08-13,261.3,111.757,158.051,48.133,75.5586
2020-08-14,261.24,111.661,157.401,48.268,74.9598
2020-08-17,261.16,111.375,159.12,48.235,75.5381
2020-08-18,262.34,112.288,165.624,49.187,77.508
2020-08-19,262.59,112.435,163.024,48.453,76.9516
2020-08-20,269.01,114.939,164.868,49.79,78.5278
2020-08-21,267.01,120.852,164.236,49.231,78.4939
2020-08-24,271.39,122.306,165.373,48.881,78.9712
2020-08-25,280.82,121.294,167.324,49.058,80.0025
2020-08-26,303.91,122.953,172.092,54.753,81.9096
2020-08-27,293.22,121.47,170.0,52.627,81.1319
2020-08-28,293.66,121.284,170.09,52.389,81.6754
2020-08-31,293.2,125.4,172.548,52.956,81.1823
2020-09-01,295.44,130.389,174.956,55.655,82.4551
2020-09-02,302.5,127.678,176.572,55.284,85.5593
2020-09-03,291.12,117.465,168.4,52.575,81.1813
2020-09-04,282.73,117.542,164.731,51.605,78.7749
2020-09-08,271.16,109.644,157.492,50.702,75.9049
2020-09-09,273.72,114.014,163.43,50.019,77.0821
2020-09-10,268.09,110.293,158.756,48.067,76.0269
2020-09-11,266.61,108.84,155.811,48.203,75.5143
2020-09-14,266.15,112.103,155.148,47.626,75.169
2020-09-15,272.42,112.268,157.806,49.599,76.4788
2020-09-16,263.52,108.968,153.905,48.386,75.3314
2020-09-17,254.82,107.23,150.436,47.02,74.0835
2020-09-18,252.53,103.83,147.746,46.996,72.2924
2020-09-21,248.15,106.973,148.023,48.735,71.2486
2020-09-22,254.75,108.657,156.45,49.117,72.7273
2020-09-23,249.02,104.088,149.993,47.061,70.2149
2020-09-24,249.53,105.158,150.99,47.308,70.886
2020-09-25,254.82,109.116,154.757,48.288,71.6931
2020-09-28,256.82,111.709,158.703,49.065,72.6696
2020-09-29,261.79,110.864,157.244,49.348,73.0363
2020-09-30,261.9,112.533,157.436,50.003,73.0153
2020-10-01,266.63,113.497,161.063,52.751,74.1262
2020-10-02,259.94,109.844,156.25,50.306,72.5172
2020-10-05,264.65,113.209,159.96,52.065,73.8737
2020-10-06,258.66,109.981,154.998,50.587,72.289
2020-10-07,258.12,111.826,159.784,53.466,72.6935
2020-10-08,263.76,111.719,159.528,53.179,73.9036
2020-10-09,264.45,113.675,164.332,53.944,75.2497
2020-10-12,275.75,120.881,172.146,53.981,77.9469
2020-10-13,276.14,117.679,172.182,55.409,78.0705
2020-10-14,271.82,117.768,168.186,54.145,77.8896
2020-10-15,266.72,117.306,166.932,54.194,77.4926
2020-10-16,265.93,115.666,163.636,53.079,78.1018
2020-10-19,261.4,112.701,160.36,53.072,76.2211
2020-10-20,267.56,114.193,160.85,52.542,77.2738
2020-10-21,278.73,113.576,159.247,48.905,79.013
2020-10-22,278.12,112.474,158.82,48.523,80.0429
2020-10-23,284.79,111.786,160.22,48.828,81.3541
2020-10-26,277.11,111.796,160.352,48.824,78.9283
2020-10-27,283.29,113.308,164.316,48.893,79.6553
2020-10-28,267.67,108.055,158.139,48.624,75.2671
2020-10-29,280.83,112.063,160.55,50.421,77.5629
2020-10-30,263.11,105.787,151.808,47.574,80.5136
2020-11-02,261.36,105.698,150.224,48.412,80.9227
2020-11-03,265.3,107.328,152.42,48.722,81.9858
2020-11-04,287.38,111.699,162.058,49.695,86.9772
2020-11-05,294.68,115.666,166.1,51.376,87.8068
2020-11-06,293.41,115.538,165.568,51.473,87.6686
2020-11-09,278.77,113.228,157.187,47.05,87.7528
2020-11-10,272.43,112.889,151.751,48.024,86.5722
2020-11-11,276.48,116.324,156.87,49.076,87.0459
2020-11-12,275.08,116.052,155.514,48.677,86.8263
2020-11-13,276.95,116.099,156.44,48.284,88.2929
2020-11-16,278.96,117.111,156.553,47.91,88.3811
2020-11-17,275.0,116.225,156.783,48.063,87.7648
2020-11-18,271.97,114.89,155.273,48.179,86.7176
2020-11-19,272.94,115.489,155.851,48.467,87.6109
2020-11-20,269.7,114.223,154.97,48.824,86.5055
2020-11-23,268.43,110.826,154.92,47.662,86.0661
2020-11-24,276.92,112.103,155.903,48.288,87.8765
2020-11-25,275.59,112.948,159.254,48.5,87.8879
2020-11-27,277.81,113.497,159.767,49.136,89.0283
2020-11-30,276.97,115.894,158.402,49.07,87.4031
2020-12-01,286.55,119.457,161.004,50.458,89.4438
2020-12-02,287.52,119.813,160.176,50.338,90.9189
2020-12-03,281.85,119.675,159.336,49.752,90.763
2020-12-04,279.7,119.007,158.129,49.831,90.8587
2020-12-07,285.58,120.47,157.9,51.578,90.5233
2020-12-08,283.4,121.069,158.864,51.266,90.2394
2020-12-09,277.92,118.543,155.21,49.36,88.5719
2020-12-10,277.12,119.968,155.074,50.109,88.0633
2020-12-11,273.55,119.163,155.821,50.322,88.4195
2020-12-14,274.19,118.543,157.848,52.242,87.2966
2020-12-15,275.55,124.475,158.256,51.978,87.7359
2020-12-16,275.67,124.409,162.048,52.483,87.5422
2020-12-17,274.48,125.283,161.804,53.29,86.7111
2020-12-18,276.4,123.307,160.082,53.445,85.9993
2020-12-21,272.79,124.821,160.309,52.891,86.4148
2020-12-22,267.09,128.376,160.326,52.733,85.7003
2020-12-23,268.11,127.471,159.264,51.448,86.0993
2020-12-24,267.4,128.464,158.634,51.397,86.3948
2020-12-28,277.0,133.07,164.198,51.912,88.3776
2020-12-29,276.78,131.283,166.1,53.087,87.5705
2020-12-30,271.87,130.173,164.292,52.459,86.499
2020-12-31,273.16,129.171,162.846,54.073,87.3154
2021-01-04,268.94,125.979,159.332,52.286,85.9948
2021-01-05,270.97,127.52,160.926,52.08,86.6882
2021-01-06,263.31,123.249,156.919,50.049,85.8328
2021-01-07,268.74,127.433,158.108,50.889,88.3966
2021-01-08,267.57,128.542,159.135,51.04,89.5668
2021-01-11,256.84,125.557,155.71,49.91,87.4973
2021-01-12,251.09,125.38,156.041,49.425,86.5577
2021-01-13,251.64,127.403,158.294,50.779,87.0469
2021-01-14,245.64,125.489,156.373,50.086,86.2334
2021-01-15,251.36,123.758,155.212,49.798,86.0691
2021-01-19,261.1,124.426,156.038,50.177,88.9012
2021-01-20,267.48,128.522,163.169,58.634,93.664
2021-01-21,272.87,133.249,165.349,57.984,93.8672
2021-01-22,274.5,135.368,164.612,56.517,94.2861
2021-01-25,278.01,139.13,164.7,55.678,94.3718
2021-01-26,282.05,139.367,166.306,56.193,95.0529
2021-01-27,272.14,138.284,161.629,52.328,90.6184
2021-01-28,265.0,133.464,161.881,53.86,92.3253
2021-01-29,258.33,128.454,160.31,53.239,91.0381
2021-02-01,262.01,130.576,167.144,53.904,94.3116
2021-02-02,267.08,131.402,169.0,54.816,95.6094
2021-02-03,266.65,130.379,165.627,53.945,102.572
2021-02-04,266.49,133.746,166.55,55.216,102.311
2021-02-05,268.1,133.337,167.608,55.079,104.064
2021-02-08,266.58,133.482,166.147,54.792,103.85
2021-02-09,269.45,132.599,165.25,55.907,103.396
2021-02-10,271.87,131.99,164.329,56.359,103.947
2021-02-11,270.39,131.735,163.106,55.759,104.061
2021-02-12,270.5,131.97,163.886,55.652,104.373
2021-02-16,273.97,129.848,163.448,55.728,105.153
2021-02-17,273.57,127.55,165.432,55.134,105.549
2021-02-18,269.39,126.458,166.412,54.822,104.91
2021-02-19,261.56,126.618,162.495,54.022,104.063
2021-02-22,260.33,122.845,159.037,53.378,102.342
2021-02-23,265.855,122.709,159.725,54.615,102.634
2021-02-24,264.31,122.207,157.977,55.341,103.814
2021-02-25,254.69,117.945,152.858,54.67,100.434
2021-02-26,257.62,118.212,154.646,53.885,100.731
2021-03-01,264.91,124.574,157.307,55.064,103.109
2021-03-02,259.0,121.982,154.727,54.782,102.851
2021-03-03,255.41,118.998,150.25,52.07,100.208
2021-03-04,257.64,117.121,148.878,51.129,101.328
2021-03-05,264.28,118.367,150.023,51.639,104.475
2021-03-08,255.31,113.437,147.598,49.333,100.012
2021-03-09,265.74,118.045,153.142,50.644,101.65
2021-03-10,264.9,116.983,152.882,50.454,101.442
2021-03-11,273.88,118.901,155.68,52.306,104.648
2021-03-12,268.4,117.985,154.474,51.802,102.129
2021-03-15,273.75,120.872,154.084,52.025,102.351
2021-03-16,279.28,122.425,154.593,52.403,103.818
2021-03-17,284.01,121.629,156.786,52.444,103.735
2021-03-18,278.62,117.504,151.4,50.479,100.702
2021-03-19,290.11,116.983,153.748,51.218,100.982
2021-03-22,293.54,120.292,155.544,52.311,101.169
2021-03-23,290.63,119.457,156.875,53.509,101.697
2021-03-24,282.14,117.082,154.354,52.081,101.258
2021-03-25,278.74,117.562,152.313,50.286,101.255
2021-03-26,283.02,118.162,152.602,50.805,100.87
2021-03-29,290.82,118.337,153.786,51.395,101.921
2021-03-30,288.0,116.904,152.764,51.339,101.955
2021-03-31,294.53,119.085,154.704,52.166,102.753
2021-04-01,298.66,119.909,158.05,53.942,106.104
2021-04-05,308.91,122.748,161.336,54.067,110.547
2021-04-06,306.26,123.053,161.191,54.453,110.064
2021-04-07,313.09,124.682,163.969,54.699,111.548
2021-04-08,313.02,127.091,164.965,55.458,112.115
2021-04-09,312.46,129.663,168.61,55.531,113.124
2021-04-12,311.54,127.944,168.969,55.278,111.825
2021-04-13,309.76,131.046,170.0,55.373,112.314
2021-04-14,302.82,128.719,166.65,54.002,111.69
2021-04-15,307.82,131.115,168.954,54.922,113.85
2021-04-16,306.18,130.791,169.972,54.654,113.726
2021-04-19,302.24,131.451,168.6,55.444,114.074
2021-04-20,302.65,129.77,166.734,54.957,113.538
2021-04-21,301.47,130.154,168.101,50.89,113.505
2021-04-22,296.52,128.63,165.452,50.878,112.219
2021-04-23,301.13,130.94,167.044,50.555,114.581
2021-04-26,303.04,131.333,170.45,51.03,115.079
2021-04-27,303.57,131.007,170.872,50.555,114.135
2021-04-28,307.1,130.231,172.925,50.652,117.526
2021-04-29,329.51,130.134,173.566,50.9,119.206
2021-04-30,325.08,128.161,173.371,51.347,117.25
2021-05-03,322.58,129.22,169.324,50.911,116.731
2021-05-04,318.36,124.633,165.594,50.318,114.925
2021-05-05,315.02,124.88,163.527,49.608,115.32
2021-05-06,320.02,126.488,165.318,49.955,116.445
2021-05-07,319.08,127.157,164.58,50.384,117.171
2021-05-10,305.97,123.877,159.524,48.669,114.174
2021-05-11,306.53,122.963,161.195,49.508,113.093
2021-05-12,302.55,119.89,157.597,48.498,109.614
2021-05-13,305.26,122.04,158.074,48.666,111.049
2021-05-14,315.94,124.455,161.145,49.337,113.507
2021-05-17,315.46,123.317,163.52,48.894,114.033
2021-05-18,309.96,121.923,161.614,48.628,112.715
2021-05-19,313.59,121.767,161.59,48.77,113.165
2021-05-20,318.61,124.32,162.384,50.167,114.931
2021-05-21,316.23,122.493,160.154,49.789,114.292
2021-05-24,324.63,124.125,162.249,50.29,117.626
2021-05-25,327.79,123.927,162.953,50.134,117.717
2021-05-26,327.66,123.877,163.258,50.236,118.586
2021-05-27,332.75,122.346,161.506,50.386,117.708
2021-05-28,328.73,121.688,161.154,50.281,117.416
2021-06-01,329.13,121.364,160.932,49.908,118.629
2021-06-02,329.15,122.13,161.7,49.924,118.102
2021-06-03,326.04,120.647,159.35,48.943,116.955
2021-06-04,330.35,122.943,160.311,49.474,119.247
2021-06-07,336.58,122.953,159.901,49.466,119.681
2021-06-08,333.68,123.768,163.206,49.239,119.489
2021-06-09,330.25,124.153,164.058,48.581,119.963
2021-06-10,332.46,123.162,167.483,48.727,121.316
2021-06-11,331.26,124.36,167.342,48.877,121.071
2021-06-14,336.77,127.413,169.194,49.989,122.004
2021-06-15,336.75,126.608,169.156,49.19,120.981
2021-06-16,331.08,127.099,170.762,49.241,120.336
2021-06-17,336.51,128.699,174.462,49.834,121.304
2021-06-18,329.66,127.394,174.345,50.077,119.677
2021-06-21,332.29,129.201,172.698,49.7,121.372
2021-06-22,339.03,130.841,175.272,50.882,121.888
2021-06-23,340.59,130.566,175.191,51.274,121.686
2021-06-24,343.18,130.291,172.454,51.806,122.058
2021-06-25,341.37,129.996,170.073,52.707,122.066
2021-06-28,355.64,131.616,172.194,53.303,122.094
2021-06-29,351.89,133.14,172.407,53.35,121.83
2021-06-30,347.71,133.756,172.008,52.821,121.649
2021-07-01,354.39,134.054,171.648,53.354,122.002
2021-07-02,354.7,136.684,175.549,53.398,124.805
2021-07-06,352.78,138.69,183.787,54.164,125.734
2021-07-07,350.49,141.182,184.829,53.596,126.018
2021-07-08,345.65,139.885,186.57,53.076,124.592
2021-07-09,350.42,141.715,185.967,53.598,125.065
2021-07-12,353.16,141.113,185.928,53.731,126.517
2021-07-13,352.09,142.233,183.868,54.068,126.882
2021-07-14,347.63,145.652,184.084,54.795,127.774
2021-07-15,344.46,144.992,181.56,54.295,126.546
2021-07-16,341.16,142.961,178.682,53.031,126.511
2021-07-19,336.95,139.111,177.48,53.228,124.128
2021-07-20,341.66,142.724,178.66,53.105,125.754
2021-07-21,346.23,141.996,179.26,51.363,127.088
2021-07-22,351.19,143.364,181.902,51.177,127.957
2021-07-23,369.79,145.072,182.832,51.541,132.535
2021-07-26,372.46,145.495,184.991,51.649,133.551
2021-07-27,367.81,143.334,181.32,51.891,131.423
2021-07-28,373.28,141.588,181.516,51.93,135.603
2021-07-29,358.32,142.233,179.996,51.425,135.287
2021-07-30,356.3,142.442,166.38,51.757,134.241
2021-08-02,351.95,142.116,166.574,51.515,134.366
2021-08-03,351.24,143.905,168.312,51.082,135.14
2021-08-04,358.92,143.509,167.736,51.735,134.638
2021-08-05,362.97,143.619,168.8,52.489,135.76
2021-08-06,363.51,142.931,167.247,52.055,135.247
2021-08-09,361.61,142.881,167.094,51.997,136.419
2021-08-10,361.13,142.413,166.034,51.584,136.313
2021-08-11,359.96,142.656,164.606,51.24,135.787
2021-08-12,362.65,145.613,165.175,51.072,136.698
2021-08-13,363.18,145.817,164.698,51.592,137.231
2021-08-16,366.56,147.802,164.95,51.792,137.81
2021-08-17,358.45,146.891,162.098,51.891,136.168
2021-08-18,355.45,143.148,160.061,52.187,134.96
2021-08-19,355.12,143.479,159.388,54.371,135.189
2021-08-20,359.37,144.925,159.998,54.688,136.933
2021-08-23,363.35,146.417,163.294,55.333,139.535
2021-08-24,365.51,146.33,165.289,55.341,140.752
2021-08-25,368.39,145.091,164.959,54.758,141.566
2021-08-26,364.38,144.286,165.8,55.012,140.929
2021-08-27,372.63,145.329,167.482,55.892,143.484
2021-08-30,380.66,149.766,171.079,56.618,144.068
2021-08-31,379.38,148.499,173.54,56.919,144.175
2021-09-01,382.05,149.166,173.95,58.207,144.692
2021-09-02,375.28,150.278,173.156,58.855,142.769
2021-09-03,376.26,150.907,173.902,59.053,143.221
2021-09-07,382.18,153.245,175.464,60.671,143.76
2021-09-08,377.57,151.693,176.275,60.605,143.172
2021-09-09,378.0,150.68,174.208,59.754,143.022
2021-09-10,378.69,145.691,173.458,59.872,140.368
2021-09-13,376.51,146.26,172.858,58.929,141.818
2021-09-14,376.53,144.855,172.5,57.776,142.029
2021-09-15,373.92,145.748,173.79,58.287,143.908
2021-09-16,373.06,145.513,174.412,58.65,143.091
2021-09-17,364.72,142.852,173.126,58.935,140.292
2021-09-20,355.7,139.797,167.786,57.543,138.218
2021-09-21,357.48,140.281,167.182,57.314,138.531
2021-09-22,343.21,142.646,169.002,59.065,139.777
2021-09-23,345.96,143.609,170.8,59.326,140.706
2021-09-24,352.96,143.698,171.276,59.239,141.702
2021-09-27,353.58,142.184,170.29,59.264,140.562
2021-09-28,340.65,138.785,165.798,58.385,135.339
2021-09-29,339.61,139.689,165.056,59.906,133.869
2021-09-30,339.39,138.384,164.252,61.034,133.193
2021-10-01,343.01,139.515,164.163,61.315,136.049
2021-10-04,326.23,136.085,159.489,60.335,133.177
2021-10-05,332.96,138.0,161.05,63.481,135.532
2021-10-06,333.64,138.874,163.1,63.91,137.068
2021-10-07,329.22,140.143,165.122,63.185,138.722
2021-10-08,330.05,139.759,164.431,63.266,139.281
2021-10-11,325.45,139.669,162.315,62.704,138.412
2021-10-12,323.77,138.394,162.366,62.494,135.956
2021-10-13,324.54,137.805,164.214,62.976,137.085
2021-10-14,328.53,140.602,164.993,63.38,140.641
2021-10-15,324.76,141.666,170.451,62.829,140.858
2021-10-18,335.34,143.334,172.337,63.797,142.262
2021-10-19,339.99,145.485,172.208,63.9,142.719
2021-10-20,340.78,145.976,170.753,62.514,141.256
2021-10-21,341.88,146.192,171.751,65.316,141.373
2021-10-22,324.61,145.417,166.778,66.478,137.069
2021-10-25,328.69,145.367,166.018,67.166,136.95
2021-10-26,315.81,146.036,168.804,66.852,138.805
2021-10-27,312.22,145.573,169.624,66.292,145.689
2021-10-28,316.92,149.225,172.329,67.405,145.322
2021-10-29,323.57,146.505,168.622,69.031,147.511
2021-11-01,329.98,145.682,165.906,68.117,142.978
2021-11-02,328.08,146.723,165.638,67.772,144.906
2021-11-03,331.62,148.168,169.2,68.829,146.069
2021-11-04,335.85,147.644,173.85,66.84,147.732
2021-11-05,341.13,148.177,175.95,64.572,148.314
2021-11-08,338.62,147.35,174.449,65.145,148.493
2021-11-09,335.37,147.713,178.812,65.599,148.38
2021-11-10,327.64,144.875,174.103,64.691,145.367
2021-11-11,327.74,144.825,173.625,65.758,145.24
2021-11-12,340.89,146.91,176.258,68.261,148.141
2021-11-15,347.56,146.919,177.284,67.933,147.915
2021-11-16,342.96,147.902,177.035,68.74,147.341
2021-11-17,340.77,150.337,177.45,69.169,147.512
2021-11-18,338.69,154.629,184.803,68.202,149.297
2021-11-19,345.3,157.251,183.829,67.88,148.388
2021-11-22,341.01,157.712,178.628,65.92,145.773
2021-11-23,337.25,158.086,179.002,65.406,145.256
2021-11-24,341.06,158.607,179.02,65.829,145.592
2021-11-26,333.12,153.586,175.228,66.564,141.67
2021-11-29,338.03,156.957,178.079,66.384,145.005
2021-11-30,324.46,161.905,175.354,64.19,141.384
2021-12-01,310.6,161.386,172.186,61.777,140.542
2021-12-02,310.39,160.394,171.868,61.647,142.45
2021-12-03,306.84,158.509,169.49,60.213,141.489
2021-12-06,317.87,161.925,171.368,61.269,142.639
2021-12-07,322.81,167.662,176.164,62.558,146.738
2021-12-08,330.56,171.482,176.158,62.808,147.651
2021-12-09,329.82,170.972,174.171,61.1,147.105
2021-12-10,329.75,175.764,172.212,61.166,147.467
2021-12-13,334.49,172.131,169.568,60.456,145.299
2021-12-14,333.74,170.745,169.092,59.799,143.388
2021-12-15,341.66,175.615,173.315,60.504,145.912
2021-12-16,334.9,168.724,168.871,59.106,143.923
2021-12-17,333.79,167.623,170.017,58.673,141.213
2021-12-20,325.45,166.257,167.079,59.374,141.096
2021-12-21,334.2,169.442,170.417,60.492,142.954
2021-12-22,330.45,172.032,171.037,61.424,145.886
2021-12-23,335.24,172.66,171.068,61.409,146.386
2021-12-27,346.18,176.63,169.67,61.312,147.371
2021-12-28,346.22,175.606,170.661,61.071,146.157
2021-12-29,342.94,175.694,169.201,61.054,146.126
2021-12-30,344.36,174.537,168.644,61.209,145.671
2021-12-31,336.35,173.918,166.717,60.244,144.329
2022-01-03,338.54,178.268,170.404,59.737,144.468
2022-01-04,336.53,176.011,167.522,59.115,143.878
2022-01-05,324.17,171.326,164.357,56.752,137.278
2022-01-06,332.46,168.467,163.254,55.329,137.251
2022-01-07,331.79,168.635,162.554,54.106,136.523
2022-01-10,328.07,168.655,161.486,53.985,138.169
2022-01-11,334.37,171.482,165.362,54.084,139.231
2022-01-12,333.26,171.923,165.207,53.722,140.919
2022-01-13,326.48,168.655,161.214,51.92,138.087
2022-01-14,331.9,169.521,162.138,52.569,138.976
2022-01-18,318.15,166.306,158.918,51.08,135.507
2022-01-19,319.59,162.819,156.299,51.586,134.628
2022-01-20,316.56,161.13,151.668,50.825,132.827
2022-01-21,303.17,159.067,142.643,39.75,129.881
2022-01-24,308.71,158.29,144.544,38.715,130.332
2022-01-25,300.15,156.503,139.986,36.642,126.476
2022-01-26,294.63,156.415,138.872,35.97,128.766
2022-01-27,294.64,155.955,139.638,38.67,128.539
2022-01-28,301.71,166.825,143.978,38.436,132.869
2022-01-31,313.26,171.187,149.574,42.714,134.815
2022-02-01,319.0,171.02,151.194,45.713,137.147
2022-02-02,323.0,172.229,150.612,42.948,147.465
2022-02-03,237.76,169.352,138.846,40.56,142.574
2022-02-04,237.09,169.064,157.64,41.017,142.775
2022-02-07,224.91,168.348,157.936,40.21,138.698
2022-02-08,220.18,171.453,161.414,40.353,138.895
2022-02-09,232.0,172.877,161.19,41.289,141.081
2022-02-10,228.07,168.802,159.004,40.627,138.12
2022-02-11,219.55,165.382,153.294,39.131,133.797
2022-02-14,217.7,165.618,155.167,39.657,135.037
2022-02-15,221.0,169.461,156.51,40.746,136.114
2022-02-16,216.54,169.223,158.1,39.808,137.241
2022-02-17,207.71,165.618,154.652,38.667,132.061
2022-02-18,206.16,164.067,152.602,39.129,129.932
2022-02-22,202.08,161.15,150.198,37.738,129.345
2022-02-23,198.45,156.987,144.827,36.746,127.127
2022-02-24,207.6,159.599,151.358,39.003,132.211
2022-02-25,210.48,161.671,153.788,39.08,133.974
2022-02-28,211.03,161.935,153.563,39.452,134.569
2022-03-01,203.49,160.049,151.142,38.624,133.578
2022-03-02,208.11,163.349,152.052,38.003,134.086
2022-03-03,202.97,163.025,147.898,36.807,133.416
2022-03-04,200.06,160.02,145.641,36.173,131.429
2022-03-07,187.47,156.23,137.453,35.026,125.922
2022-03-08,190.29,154.402,136.014,34.176,126.645
2022-03-09,198.5,159.803,139.279,35.879,132.938
2022-03-10,195.21,155.461,146.818,35.677,131.952
2022-03-11,187.61,151.742,145.524,34.032,129.401
2022-03-14,186.63,147.713,141.853,33.101,125.496
2022-03-15,192.03,152.094,147.366,34.375,128.731
2022-03-16,203.63,156.513,153.104,35.753,132.8
2022-03-17,207.84,157.516,157.239,37.14,133.356
2022-03-18,216.49,160.816,161.251,38.06,135.635
2022-03-21,211.49,162.192,161.492,37.459,135.611
2022-03-22,216.65,165.559,164.889,38.292,139.363
2022-03-23,213.46,166.925,163.408,37.449,137.776
2022-03-24,219.57,170.707,163.65,37.571,141.061
2022-03-25,221.82,171.345,164.773,37.385,141.161
2022-03-28,223.59,172.21,168.99,37.851,140.945
2022-03-29,229.86,175.507,169.315,39.182,141.991
2022-03-30,227.85,174.34,166.301,38.147,141.425
2022-03-31,222.36,171.236,162.998,37.459,138.566
2022-04-01,224.85,170.942,163.56,37.347,139.644
2022-04-04,233.89,174.997,168.346,39.15,142.456
2022-04-05,231.84,171.68,164.055,38.015,140.083
2022-04-06,223.3,168.517,158.756,36.835,136.054
2022-04-07,222.95,168.82,157.784,36.215,135.397
2022-04-08,222.33,166.806,154.46,35.588,132.807
2022-04-11,216.46,162.552,151.122,34.8,128.358
2022-04-12,214.14,164.421,150.788,34.41,127.253
2022-04-13,214.99,167.111,155.541,35.043,129.425
2022-04-14,210.18,162.102,151.706,34.113,126.272
2022-04-18,210.77,161.885,152.785,33.786,127.215
2022-04-19,217.31,164.167,158.116,34.861,129.54
2022-04-20,200.42,163.997,153.998,22.619,127.578
2022-04-21,188.07,163.213,148.296,21.822,124.363
2022-04-22,184.11,158.664,144.35,21.552,119.204
2022-04-25,186.99,159.736,146.074,20.991,122.629
2022-04-26,180.95,153.773,139.391,19.84,118.222
2022-04-27,174.95,153.546,138.167,18.854,113.881
2022-04-28,205.73,160.483,144.596,19.952,118.094
2022-04-29,200.47,154.609,124.282,19.036,113.698
2022-05-02,211.13,154.913,124.5,19.946,116.162
2022-05-03,212.03,156.405,124.254,19.987,116.91
2022-05-04,223.41,162.819,125.929,20.401,121.819
2022-05-05,208.28,153.744,116.407,18.832,116.085
2022-05-06,203.77,154.472,114.772,18.097,115.328
2022-05-09,196.21,149.344,108.789,17.31,112.105
2022-05-10,197.65,151.752,108.859,17.766,113.982
2022-05-11,188.74,143.887,105.372,16.637,113.192
2022-05-12,191.24,140.014,106.931,17.431,112.437
2022-05-13,198.62,144.484,113.055,18.764,115.631
2022-05-16,200.04,142.941,110.81,18.651,114.032
2022-05-17,202.62,146.573,115.368,19.056,116.052
2022-05-18,192.24,138.304,107.112,17.719,111.495
2022-05-19,191.29,134.897,107.319,18.348,109.985
2022-05-20,193.54,135.132,107.591,18.635,108.515
2022-05-23,196.23,140.552,107.557,18.744,111.085
2022-05-24,181.28,137.855,104.1,18.034,105.588
2022-05-25,183.83,138.01,106.775,18.783,105.423
2022-05-26,191.63,141.211,111.078,19.14,107.402
2022-05-27,195.13,146.969,115.146,19.519,111.91
2022-05-31,193.64,146.182,120.21,19.744,113.351
2022-06-01,188.64,146.056,121.684,19.291,113.48
2022-06-02,198.86,148.508,125.511,20.509,117.197
2022-06-03,190.78,142.783,122.35,19.898,114.127
2022-06-06,194.25,143.529,124.79,19.714,116.398
2022-06-07,195.65,146.056,123.0,19.861,116.726
2022-06-08,196.64,145.319,121.18,20.283,116.771
2022-06-09,184.0,140.093,116.15,19.277,114.421
2022-06-10,175.57,134.68,109.65,18.294,110.761
2022-06-13,164.26,129.525,103.67,16.969,106.008
2022-06-14,163.73,130.389,102.31,16.754,106.33
2022-06-15,169.35,133.01,107.67,18.011,109.368
2022-06-16,160.87,127.738,103.66,17.335,105.651
2022-06-17,163.74,129.211,106.22,17.551,106.756
2022-06-21,157.05,133.445,108.68,17.091,111.141
2022-06-22,155.85,132.931,108.95,17.889,111.085
2022-06-23,158.75,135.801,112.44,18.171,111.836
2022-06-24,170.16,139.13,116.46,19.085,117.549
2022-06-27,169.49,139.13,113.22,18.914,115.416
2022-06-28,160.68,134.986,107.4,17.96,111.604
2022-06-29,163.94,136.743,108.92,17.836,111.298
2022-06-30,161.25,134.279,106.21,17.487,108.57
2022-07-01,160.03,136.449,109.56,17.995,108.345
2022-07-05,168.19,139.031,113.5,18.588,112.854
2022-07-06,169.77,140.368,114.33,18.406,114.158
2022-07-07,172.19,143.738,116.33,18.927,118.354
2022-07-08,170.88,144.415,115.54,18.6975,118.923
2022-07-11,162.88,142.283,111.75,17.734,115.258
2022-07-12,163.27,143.254,109.22,17.445,113.608
2022-07-13,163.49,142.891,110.4,17.656,110.952
2022-07-14,158.05,145.817,110.63,17.478,109.968
2022-07-15,164.7,147.489,113.55,18.911,111.374
2022-07-18,167.23,144.444,113.76,19.092,108.636
2022-07-19,175.78,148.303,118.21,20.163,113.399
2022-07-20,183.09,150.307,122.77,21.644,113.488
2022-07-21,183.17,152.576,124.63,22.388,113.927
2022-07-22,169.27,151.337,122.42,22.044,107.51
2022-07-25,166.65,150.219,121.14,21.851,107.122
2022-07-26,159.15,148.894,114.81,21.391,104.641
2022-07-27,169.58,153.992,120.97,22.675,112.651
2022-07-28,160.72,154.54,122.28,22.602,113.808
2022-07-29,159.1,159.609,134.95,22.49,115.9
2022-08-01,159.93,158.626,135.39,22.621,114.445
2022-08-02,160.19,157.152,134.16,22.142,114.715
2022-08-03,168.8,163.165,139.52,22.673,117.654
2022-08-04,170.57,162.849,142.57,22.991,117.764
2022-08-05,167.11,162.622,140.8,22.678,117.046
2022-08-08,170.25,162.151,139.41,23.349,116.877
2022-08-09,168.53,162.201,137.83,22.994,116.209
2022-08-10,178.34,166.449,142.69,24.411,119.268
2022-08-11,177.49,165.712,140.64,24.27,118.411
2022-08-12,180.5,169.262,143.55,24.93,121.241
2022-08-15,180.89,170.333,143.18,24.911,121.639
2022-08-16,179.47,170.177,144.78,24.569,121.26
2022-08-17,174.85,171.672,142.1,24.115,119.118
2022-08-18,174.66,171.278,142.3,24.517,119.736
2022-08-19,167.96,168.692,138.23,24.116,116.787
2022-08-22,163.05,164.805,133.22,22.654,113.828
2022-08-23,161.11,164.472,133.62,22.455,113.448
2022-08-24,163.26,164.766,133.8,22.961,113.28
2022-08-25,168.78,167.226,137.28,23.398,116.229
2022-08-26,161.78,160.921,130.75,22.328,109.942
2022-08-29,159.17,158.718,129.79,22.457,109.025
2022-08-30,157.16,156.289,128.73,22.065,108.547
2022-08-31,162.93,154.627,126.77,22.356,107.829
2022-09-01,165.36,155.355,127.82,23.004,109.344
2022-09-02,160.32,153.241,127.51,22.611,107.46
2022-09-06,158.54,151.98,126.11,21.839,106.425
2022-09-07,160.39,153.388,129.48,22.896,109.055
2022-09-08,162.06,151.912,129.82,22.744,107.989
2022-09-09,169.15,154.774,133.27,23.357,110.251
2022-09-12,168.96,160.734,136.45,23.653,110.459
2022-09-13,153.13,151.301,126.82,21.813,103.943
2022-09-14,151.47,152.747,128.55,22.412,104.621
2022-09-15,149.55,149.857,126.28,23.538,102.538
2022-09-16,146.29,148.214,123.53,24.013,102.429
2022-09-19,148.02,151.932,124.66,24.363,102.698
2022-09-20,146.09,154.31,122.19,24.285,100.775
2022-09-21,142.12,151.184,118.54,23.687,98.9214
2022-09-22,142.82,150.221,117.31,23.705,99.778
2022-09-23,140.41,147.95,113.78,22.641,98.3833
2022-09-26,136.37,148.283,115.15,22.407,97.8155
2022-09-27,134.4,149.256,114.41,22.436,97.1478
2022-09-28,141.61,147.368,118.01,24.52,99.6887
2022-09-29,136.41,140.131,114.8,23.971,97.0681
2022-09-30,135.68,135.92,113.0,23.544,95.3045
2022-10-03,138.61,140.101,115.88,23.904,98.2837
2022-10-04,140.28,143.691,121.09,24.074,101.272
2022-10-05,138.98,143.984,120.95,23.673,101.064
2022-10-06,139.07,143.033,120.3,24.002,101.054
2022-10-07,133.45,137.78,114.56,22.475,98.3236
2022-10-10,133.79,138.103,113.67,22.998,97.5066
2022-10-11,128.54,136.686,112.21,21.429,96.829
2022-10-12,127.5,136.058,112.9,22.087,97.2077
2022-10-13,130.29,140.631,112.53,23.251,98.7022
2022-10-14,126.76,136.097,106.9,23.0,96.2112
2022-10-17,134.04,140.061,113.79,24.51,99.6089
2022-10-18,132.8,141.378,116.36,24.086,100.406
2022-10-19,133.23,141.488,115.07,27.238,99.2701
2022-10-20,131.53,141.026,115.25,26.816,99.6089
2022-10-21,130.01,144.84,119.32,28.957,100.765
2022-10-24,129.72,146.986,119.82,28.245,102.149
2022-10-25,137.51,149.827,120.6,29.102,104.103
2022-10-26,129.82,146.888,115.66,29.862,94.5871
2022-10-27,97.94,142.414,110.96,29.694,91.8869
2022-10-28,99.2,153.173,103.41,29.572,95.9421
2022-10-31,93.16,150.811,102.44,29.188,94.1687
2022-11-01,95.2,148.167,96.79,28.675,90.1432
2022-11-02,90.54,142.638,92.12,27.3,86.6559
2022-11-03,88.91,136.59,89.3,26.906,83.1287
2022-11-04,90.79,136.324,90.98,26.079,86.2672
2022-11-07,96.72,136.855,90.53,25.86,88.1705
2022-11-08,96.47,137.425,89.98,26.346,88.5789
2022-11-09,101.47,132.864,86.14,25.466,87.0046
2022-11-10,111.87,144.688,96.63,27.497,93.6007
2022-11-11,113.02,147.475,100.79,29.013,96.0618
2022-11-14,114.22,146.077,98.49,29.927,95.3543
2022-11-15,117.08,147.81,98.94,31.02,98.0844
2022-11-16,113.23,146.577,97.12,30.602,98.493
2022-11-17,111.45,148.479,94.85,29.528,98.0047
2022-11-18,112.05,149.042,94.14,28.798,97.078
2022-11-21,109.86,145.809,92.46,28.505,95.2547
2022-11-22,111.44,147.949,93.2,28.669,96.6994
2022-11-23,112.24,148.827,94.13,29.15,98.1044
2022-11-25,111.41,145.909,93.41,28.554,97.108
2022-11-28,108.78,142.076,93.95,28.117,95.7031
2022-11-29,109.46,139.071,92.42,28.096,94.8462
2022-11-30,118.1,145.829,96.54,30.553,100.625
2022-12-01,120.44,146.106,95.5,31.695,100.625
2022-12-02,123.49,145.614,94.13,32.041,100.077
2022-12-05,122.43,144.451,91.01,31.259,99.1207
2022-12-06,114.12,140.787,88.25,30.556,96.6297
2022-12-07,113.93,138.844,88.46,30.842,94.5971
2022-12-08,115.33,140.529,90.35,31.026,93.3716
2022-12-09,115.9,140.047,89.09,32.001,92.4947
2022-12-12,114.71,142.344,90.55,31.518,92.9729
2022-12-13,120.15,143.307,92.49,32.034,95.2846
2022-12-14,121.59,141.081,91.58,31.783,94.7266
2022-12-15,116.15,134.47,88.45,29.041,90.5317
2022-12-16,119.43,132.512,87.86,29.071,89.9339
2022-12-19,114.48,130.403,84.92,28.83,88.1205
2022-12-20,117.09,130.334,85.19,28.819,88.6984
2022-12-21,119.76,133.439,86.77,29.796,89.2564
2022-12-22,117.12,130.264,83.79,29.775,87.443
2022-12-23,118.04,129.9,85.25,29.4965,88.9077
2022-12-27,116.88,128.098,83.04,28.417,87.0743
2022-12-28,115.62,124.167,81.82,27.688,85.7093
2022-12-29,120.26,127.683,84.18,29.112,88.1305
2022-12-30,120.34,128.0,84.0,29.488,87.9113
2023-01-03,124.74,123.212,85.82,29.495,88.798
2023-01-04,127.37,124.481,85.14,30.941,87.7618
2023-01-05,126.94,123.163,83.12,30.97,85.8887
2023-01-06,130.02,127.693,86.08,31.555,87.0246
2023-01-09,129.47,128.216,87.36,31.517,87.7021
2023-01-10,132.99,128.788,89.87,32.754,88.1006
2023-01-11,132.89,131.507,95.09,32.726,91.1895
2023-01-12,136.71,131.429,95.27,33.013,90.8008
2023-01-13,136.98,132.757,98.12,33.282,91.7873
2023-01-17,135.36,133.92,96.05,32.622,90.9603
2023-01-18,133.02,133.202,95.46,32.633,90.7908
2023-01-19,136.15,133.261,93.68,31.578,92.7138
2023-01-20,139.37,135.822,97.25,34.25,97.666
2023-01-23,143.27,139.011,97.52,35.742,99.4295
2023-01-24,143.14,140.41,96.32,36.383,97.3471
2023-01-25,141.5,139.751,97.18,36.796,94.8761
2023-01-26,147.3,141.821,99.22,36.487,97.1677
2023-01-27,151.74,143.763,102.24,36.077,99.0111
2023-01-30,147.06,140.876,100.55,35.311,96.5899
2023-01-31,148.97,142.146,103.13,35.386,98.483
2023-02-01,153.12,143.267,105.15,36.199,100.067
2023-02-02,188.77,148.578,112.91,36.689,107.35
2023-02-03,186.53,152.203,103.39,36.59,104.401
2023-02-06,186.06,149.476,102.18,36.148,102.528
2023-02-07,191.62,152.352,102.11,36.295,107.252
2023-02-08,183.43,149.662,100.05,36.683,99.0111
2023-02-09,177.92,148.628,98.24,36.25,94.6668
2023-02-10,174.15,148.994,97.61,34.736,94.2284
2023-02-13,179.43,151.796,99.54,35.857,94.2683
2023-02-14,179.48,151.153,99.7,35.996,94.3381
2023-02-15,177.16,153.256,101.16,36.142,96.5899
2023-02-16,172.44,151.657,98.15,35.071,95.165
2023-02-17,172.88,150.512,97.2,34.796,94.0092
2023-02-21,172.08,146.496,94.58,33.75,91.4585
2023-02-22,171.12,146.921,95.79,33.488,91.3189
2023-02-23,172.04,147.404,95.82,32.365,90.5617
2023-02-24,170.39,144.75,93.5,31.715,88.808
2023-02-27,169.54,145.945,93.76,32.303,89.5454
2023-02-28,174.94,145.441,94.23,32.213,89.7348
2023-03-01,173.42,143.369,92.17,31.348,90.0336
2023-03-02,174.53,143.96,92.13,31.188,91.6676
2023-03-03,185.25,149.014,94.9,31.518,93.3117
2023-03-06,184.9,151.777,93.75,31.203,94.7864
2023-03-07,184.51,149.576,93.55,30.847,93.521
2023-03-08,184.97,150.828,93.92,31.179,93.9096
2023-03-09,181.69,148.578,92.25,29.778,91.9866
2023-03-10,179.51,146.516,90.73,29.276,90.3026
2023-03-13,180.9,148.459,92.43,29.351,90.781
2023-03-14,194.02,150.552,94.88,29.494,93.6306
2023-03-15,197.75,150.947,96.2,30.379,95.7628
2023-03-16,204.93,153.768,100.04,31.006,99.9574
2023-03-17,195.61,152.929,98.95,30.35,101.253
2023-03-20,197.81,155.297,97.71,30.513,100.854
2023-03-21,202.16,157.152,100.61,30.579,104.541
2023-03-22,199.81,155.721,98.7,29.39,102.996
2023-03-23,204.28,156.806,98.71,32.037,105.218
2023-03-24,206.01,158.11,98.13,32.839,105.059
2023-03-27,202.84,156.166,98.04,32.766,102.09
2023-03-28,200.68,155.544,97.24,32.352,100.665
2023-03-29,205.35,158.622,100.25,33.203,101.024
2023-03-30,207.84,160.191,102.0,33.843,100.525
2023-03-31,211.94,162.698,103.29,34.548,103.356
2023-04-03,213.07,163.95,102.41,34.828,103.983
2023-04-04,214.72,163.418,103.95,34.675,104.341
2023-04-05,211.48,161.571,101.1,34.235,104.093
2023-04-06,216.1,162.461,102.06,33.933,108.028
2023-04-10,214.75,159.865,102.17,33.899,106.055
2023-04-11,213.85,158.652,99.92,33.821,104.97
2023-04-12,214.0,157.961,97.83,33.103,104.262
2023-04-13,220.35,163.348,102.4,34.619,107.042
2023-04-14,221.49,163.003,102.51,33.863,108.477
2023-04-17,218.86,163.022,102.74,33.272,105.588
2023-04-18,217.89,164.247,102.3,33.37,104.123
2023-04-19,215.7,165.39,104.3,32.312,103.804
2023-04-20,213.07,164.424,103.81,32.535,104.91
2023-04-21,212.89,162.815,106.96,32.798,105.029
2023-04-24,212.79,163.122,106.21,32.902,105.588
2023-04-25,207.55,161.581,102.57,32.255,103.475
2023-04-26,209.4,161.571,104.98,32.115,103.336
2023-04-27,238.56,166.16,109.82,32.585,107.202
2023-04-28,240.32,167.413,105.45,32.993,106.952
2023-05-01,243.18,167.325,102.05,32.412,106.813
2023-05-02,239.24,166.288,103.63,31.755,104.94
2023-05-03,237.03,165.212,103.65,31.93,105.029
2023-05-04,233.52,163.576,104.0,32.078,104.311
2023-05-05,232.78,171.251,105.655,32.276,105.188
2023-05-08,233.27,171.182,105.83,33.121,107.38
2023-05-09,233.37,169.477,106.62,33.214,106.962
2023-05-10,233.08,171.236,110.19,33.542,111.346
2023-05-11,235.79,171.429,112.18,34.476,116.149
2023-05-12,233.81,170.501,110.26,33.989,117.085
2023-05-15,238.86,170.006,111.2,33.589,116.089
2023-05-16,238.82,170.006,113.4,33.375,119.079
2023-05-17,242.485,170.619,115.5,33.996,120.403
2023-05-18,246.85,172.952,118.15,37.129,122.386
2023-05-19,245.64,173.06,116.25,36.536,122.317
2023-05-22,248.32,172.111,115.01,36.301,124.598
2023-05-23,246.74,169.504,114.99,35.599,122.117
2023-05-24,249.21,169.778,116.75,36.485,120.463
2023-05-25,252.69,170.915,115.0,35.9,123.034
2023-05-26,262.04,173.324,120.11,37.888,124.16
2023-05-30,262.52,175.174,121.66,39.298,123.223
2023-05-31,264.72,175.124,120.58,39.523,122.426
2023-06-01,272.61,177.93,122.77,40.313,123.273
2023-06-02,272.61,178.78,124.25,40.047,124.22
2023-06-05,271.39,177.426,125.3,40.354,125.555
2023-06-06,271.12,177.06,126.61,39.929,126.85
2023-06-07,263.6,175.687,121.23,39.977,122.058
2023-06-08,264.58,178.403,124.25,40.937,121.699
2023-06-09,264.95,178.79,123.43,42.002,121.788
2023-06-12,271.05,181.586,126.57,42.397,123.193
2023-06-13,271.32,181.111,126.66,43.573,123.383
2023-06-14,273.35,181.743,126.42,44.086,123.223
2023-06-15,281.83,183.779,127.11,44.527,124.638
2023-06-16,281.0,182.702,125.49,43.196,123.083
2023-06-20,284.33,182.791,125.78,43.47,122.655
2023-06-21,281.64,181.753,124.83,42.445,120.114
2023-06-22,284.88,184.757,130.15,42.248,122.705
2023-06-23,288.73,184.441,129.33,42.402,121.898
2023-06-26,278.47,183.049,127.33,41.594,117.912
2023-06-27,287.05,185.805,129.18,41.708,117.902
2023-06-28,285.29,186.98,129.04,42.984,119.746
2023-06-29,281.53,187.315,127.9,42.824,118.669
2023-06-30,286.98,191.642,130.36,44.049,119.268
2023-07-03,286.02,190.151,130.22,44.144,119.467
2023-07-05,294.37,189.036,130.38,44.59,121.31
2023-07-06,291.99,189.509,128.36,43.884,119.676
2023-07-07,290.53,188.393,129.78,43.81,119.049
2023-07-10,294.1,186.347,127.13,44.171,116.03
2023-07-11,298.29,185.825,128.78,44.021,116.717
2023-07-12,309.34,187.495,130.8,44.405,118.501
2023-07-13,313.41,188.256,134.3,45.038,124.09
2023-07-14,308.87,188.403,134.68,44.191,124.967
2023-07-17,310.62,191.662,133.56,45.005,124.2
2023-07-18,312.05,191.406,132.83,47.48,123.313
2023-07-19,316.01,192.761,135.36,47.759,121.589
2023-07-20,302.52,190.813,129.96,43.742,118.769
2023-07-21,294.26,189.638,130.0,42.75,119.586
2023-07-24,291.61,190.439,128.8,42.837,121.091
2023-07-25,294.47,191.3,129.13,42.77,121.768
2023-07-26,298.57,192.168,128.15,42.267,128.803
2023-07-27,311.71,190.901,128.25,41.317,128.933
2023-07-28,325.48,193.482,132.21,42.578,132.102
2023-07-31,318.6,194.094,133.68,43.897,132.24
2023-08-01,322.71,193.258,131.69,43.862,131.075
2023-08-02,314.31,190.271,128.21,42.97,127.916
2023-08-03,313.19,188.877,128.91,43.1,127.986
2023-08-04,310.73,179.809,139.57,43.16,127.647
2023-08-07,316.56,176.706,142.22,44.076,131.055
2023-08-08,312.64,177.644,139.94,43.83,130.925
2023-08-09,305.21,176.054,137.85,42.89,129.191
2023-08-10,305.74,175.836,138.56,42.998,129.221
2023-08-11,301.64,175.895,138.41,42.166,129.092
2023-08-14,306.19,177.548,140.57,42.778,130.855
2023-08-15,301.95,175.559,137.67,42.37,129.311
2023-08-16,294.29,174.688,135.07,41.545,128.235
2023-08-17,285.09,172.146,133.98,40.3,129.451
2023-08-18,283.25,172.63,133.22,40.453,126.999
2023-08-21,289.9,173.965,134.68,40.829,127.906
2023-08-22,287.6,175.342,134.25,41.317,128.614
2023-08-23,294.24,179.188,135.52,42.755,131.892
2023-08-24,286.75,174.501,131.84,40.693,129.311
2023-08-25,285.5,176.707,133.26,41.603,129.411
2023-08-28,290.26,178.269,133.14,41.806,130.537
2023-08-29,297.99,182.158,134.91,42.999,134.084
2023-08-30,295.1,185.649,135.07,43.467,135.389
2023-08-31,295.89,185.869,138.01,43.368,135.679
2023-09-01,296.38,187.441,138.12,43.988,135.169
2023-09-05,300.15,187.679,137.27,44.868,135.279
2023-09-06,299.17,180.959,135.36,44.576,133.974
2023-09-07,298.67,175.667,137.85,44.314,134.772
2023-09-08,297.89,176.281,138.23,44.28,135.887
2023-09-11,307.56,177.448,143.1,44.536,136.426
2023-09-12,301.66,174.422,141.23,43.469,134.851
2023-09-13,305.06,172.354,144.85,41.224,136.216
2023-09-14,311.72,173.867,144.72,40.049,137.601
2023-09-15,300.31,173.144,140.39,39.694,136.903
2023-09-18,302.55,176.073,139.98,39.44,137.711
2023-09-19,305.07,177.161,137.63,39.62,137.541
2023-09-20,299.67,173.62,135.29,38.63,133.257
2023-09-21,295.73,172.077,129.33,38.415,129.968
2023-09-22,299.08,172.928,129.12,37.981,129.78
2023-09-25,300.83,174.202,131.27,38.48,130.636
2023-09-26,298.96,170.127,125.98,37.925,128.101
2023-09-27,297.74,168.614,125.98,37.759,130.068
2023-09-28,303.96,168.869,125.98,37.636,131.832
2023-09-29,300.21,169.386,127.12,37.76,130.388
2023-10-02,306.82,171.897,129.46,38.033,133.685
2023-10-03,300.94,170.562,124.72,37.675,131.952
2023-10-04,305.58,171.808,127.0,37.69,134.752
2023-10-05,304.79,173.046,125.96,37.259,134.582
2023-10-06,315.43,175.598,127.96,38.151,137.083
2023-10-09,318.36,177.081,128.26,38.595,137.92
2023-10-10,321.84,176.489,129.48,37.332,137.561
2023-10-11,327.82,177.883,131.83,36.593,140.043
2023-10-12,324.16,178.784,132.33,36.12,138.468
2023-10-13,314.69,176.942,129.79,35.568,136.864
2023-10-16,321.15,176.817,132.55,36.082,138.593
2023-10-17,324.0,175.263,131.47,35.572,139.215
2023-10-18,316.97,173.965,128.13,34.619,137.461
2023-10-19,312.81,173.59,128.4,40.177,137.253
2023-10-20,308.65,171.037,125.17,40.096,135.111
2023-10-23,314.01,171.156,126.56,40.684,136.007
2023-10-24,312.55,171.592,128.56,41.373,138.308
2023-10-25,299.53,169.277,121.39,41.125,125.157
2023-10-26,288.35,165.112,119.57,40.354,121.838
2023-10-27,296.73,166.427,127.74,39.787,121.728
2023-10-30,302.66,168.476,132.71,41.008,124.01
2023-10-31,301.27,168.949,133.09,41.169,123.632
2023-11-01,311.85,172.116,137.0,42.019,125.994
2023-11-02,310.87,175.677,138.07,42.471,127.029
2023-11-03,314.6,174.767,138.6,43.236,128.634
2023-11-06,315.8,177.32,139.74,43.474,129.78
2023-11-07,318.82,179.884,142.71,43.461,130.497
2023-11-08,319.78,180.939,142.08,43.665,131.363
2023-11-09,320.55,180.467,140.6,43.515,129.77
2023-11-10,328.77,184.655,143.56,44.724,132.111
2023-11-13,329.19,183.071,142.59,44.462,131.613
2023-11-14,336.31,185.686,145.8,44.865,133.137
2023-11-15,332.71,186.25,143.2,46.194,134.134
2023-11-16,334.19,187.935,142.83,46.695,136.436
2023-11-17,335.04,187.915,145.18,46.591,134.821
2023-11-20,339.97,189.659,146.13,47.447,135.758
2023-11-21,336.98,188.856,143.9,47.495,136.476
2023-11-22,341.49,189.52,146.71,47.8,137.99
2023-11-24,338.23,188.193,146.74,47.956,136.196
2023-11-27,334.7,188.014,147.73,47.917,135.917
2023-11-28,338.99,188.618,147.03,47.9,136.704
2023-11-29,332.2,187.599,146.32,47.719,134.502
2023-11-30,327.15,188.173,146.09,47.397,132.052
2023-12-01,324.82,189.45,147.03,46.574,131.383
2023-12-04,320.02,187.659,144.84,45.39,128.803
2023-12-05,318.29,191.61,146.88,45.515,130.517
2023-12-06,317.45,190.521,144.52,44.673,129.551
2023-12-07,326.59,192.451,146.88,45.2,136.436
2023-12-08,332.75,193.879,147.42,45.376,134.502
2023-12-11,325.28,191.373,145.89,45.989,132.809
2023-12-12,334.22,192.889,147.48,46.3,132.042
2023-12-13,334.74,196.108,148.84,47.998,132.092
2023-12-14,333.17,196.257,147.42,46.983,131.463
2023-12-15,334.92,195.722,149.97,47.206,132.121
2023-12-18,344.62,194.058,154.07,48.612,135.309
2023-12-19,350.36,195.098,153.79,49.502,136.156
2023-12-20,349.28,193.007,152.12,48.927,137.84
2023-12-21,354.09,192.86,153.84,49.161,139.913
2023-12-22,353.39,191.788,153.42,48.676,140.979
2023-12-26,354.83,191.245,153.41,49.119,141.009
2023-12-27,357.83,191.345,153.34,49.179,139.863
2023-12-28,358.32,191.768,153.38,49.051,139.723
2023-12-29,353.96,190.729,151.94,48.688,139.185
2024-01-02,346.29,183.903,149.93,46.85,137.671
2024-01-03,344.47,182.527,148.47,47.026,138.418
2024-01-04,347.12,180.207,144.57,47.467,135.897
2024-01-05,351.95,179.485,145.24,47.406,135.239
2024-01-08,358.66,183.824,149.1,48.503,138.338
2024-01-09,357.43,183.409,151.37,48.209,140.44
2024-01-10,370.47,184.448,153.73,47.833,141.767
2024-01-11,369.67,183.853,155.18,49.223,141.567
2024-01-12,374.49,184.18,154.62,49.216,142.134
2024-01-16,367.46,181.912,153.16,48.124,141.975
2024-01-17,368.37,180.97,151.71,48.033,140.959
2024-01-18,376.13,186.865,153.5,48.531,142.962
2024-01-19,383.45,189.768,155.34,48.295,145.851
2024-01-22,381.78,192.077,154.78,48.571,145.463
2024-01-23,385.2,193.354,156.02,49.219,146.508
2024-01-24,390.7,192.68,156.87,54.487,148.163
2024-01-25,393.18,192.353,157.75,56.2,151.322
2024-01-26,394.14,190.62,159.12,57.042,151.636
2024-01-29,401.02,189.936,161.26,57.579,152.956
2024-01-30,400.06,186.279,159.0,56.285,150.913
2024-01-31,390.14,182.674,155.2,56.411,139.594
2024-02-01,394.78,185.113,159.28,56.751,140.65
2024-02-02,474.99,184.113,171.81,56.464,141.866
2024-02-05,459.41,185.926,170.31,56.206,143.161
2024-02-06,454.72,187.53,169.15,55.588,143.579
2024-02-07,469.59,187.639,170.53,55.93,145.014
2024-02-08,470.0,186.558,169.84,55.853,145.383
2024-02-09,468.11,187.321,174.45,56.132,148.462
2024-02-12,468.9,185.636,172.34,55.785,146.998
2024-02-13,460.12,183.542,168.64,55.452,144.616
2024-02-14,473.28,182.659,170.98,57.933,145.413
2024-02-15,484.03,182.372,169.8,59.346,142.254
2024-02-16,473.32,180.835,169.51,58.395,140.013
2024-02-20,471.75,180.089,167.08,57.513,140.61
2024-02-21,468.03,180.845,168.59,57.335,142.035
2024-02-22,486.13,182.878,174.58,58.847,143.569
2024-02-23,484.03,181.042,174.99,58.356,143.44
2024-02-26,481.74,179.695,174.73,58.765,137.073
2024-02-27,487.05,181.152,173.54,60.167,138.378
2024-02-28,484.02,179.953,173.16,59.648,135.887
2024-02-29,490.13,179.286,176.76,60.292,137.96
2024-03-01,502.3,178.207,178.22,61.934,136.644
2024-03-04,498.19,173.684,177.58,61.583,132.868
2024-03-05,490.22,168.744,174.12,59.85,132.191
2024-03-06,496.09,167.752,173.51,59.769,130.925
2024-03-07,512.19,167.633,176.82,60.851,133.895
2024-03-08,505.95,169.349,175.35,60.482,134.921
2024-03-11,483.59,171.353,171.96,60.093,137.173
2024-03-12,499.75,171.827,175.39,61.108,138.0
2024-03-13,495.57,169.744,176.555,60.945,139.285
2024-03-14,491.83,171.6,178.75,61.301,142.584
2024-03-15,484.1,171.223,174.42,60.588,140.67
2024-03-18,496.98,172.315,174.48,61.839,147.147
2024-03-19,496.24,174.655,175.9,62.074,146.498
2024-03-20,505.52,177.224,178.15,62.769,148.202
2024-03-21,507.76,169.983,178.15,62.271,147.067
2024-03-22,509.58,170.885,178.87,62.801,150.225
2024-03-25,503.02,169.468,179.71,62.746,149.528
2024-03-26,495.89,168.337,178.3,62.924,150.126
2024-03-27,493.86,171.907,179.83,61.353,150.325
2024-03-28,485.58,170.092,180.38,60.733,150.385
2024-04-01,491.35,168.655,180.97,61.431,154.928
2024-04-02,497.37,167.474,180.69,61.421,154.002
2024-04-03,506.74,168.277,182.41,63.008,154.36
2024-04-04,510.92,167.454,180.0,61.714,149.986
2024-04-05,527.34,168.207,185.07,63.618,151.949
2024-04-08,519.25,167.087,185.32,62.844,154.29
2024-04-09,516.9,168.297,185.67,61.82,156.034
2024-04-10,519.83,166.422,185.95,61.858,155.576
2024-04-11,523.16,173.624,189.05,62.878,158.834
2024-04-12,511.9,175.121,186.13,62.283,157.16
2024-04-15,500.23,171.293,183.62,60.715,154.3
2024-04-16,499.76,168.009,183.32,61.752,153.843
2024-04-17,494.17,166.64,181.28,61.369,154.908
2024-04-18,501.8,165.688,179.22,61.056,155.446
2024-04-19,481.06,163.596,174.62,55.532,153.553
2024-04-22,481.73,164.499,177.23,55.46,155.716
2024-04-23,496.1,165.549,179.54,57.775,157.689
2024-04-24,493.5,167.653,176.59,55.512,158.555
2024-04-25,441.38,168.517,173.67,56.48,155.437
2024-04-26,443.29,167.93,179.62,56.123,171.329
2024-04-29,432.62,172.096,180.96,55.949,165.55
2024-04-30,430.17,168.951,175.0,55.064,162.192
2024-05-01,439.19,167.93,179.0,55.171,163.268
2024-05-02,441.68,171.63,184.72,56.515,166.018
2024-05-03,451.96,181.896,186.21,57.934,166.636
2024-05-06,465.68,180.239,188.7,59.697,167.492
2024-05-07,468.24,180.923,188.76,60.6,170.631
2024-05-08,472.6,181.261,188.0,60.947,168.769
2024-05-09,475.42,183.077,189.5,61.209,169.346
2024-05-10,476.2,181.814,187.48,61.087,168.041
2024-05-13,468.01,185.025,186.57,61.659,168.529
2024-05-14,471.85,186.166,187.07,61.366,169.725
2024-05-15,481.54,188.44,185.99,61.352,171.887
2024-05-16,473.23,188.56,183.63,61.052,173.55
2024-05-17,471.91,188.589,184.7,62.11,175.424
2024-05-20,468.84,189.751,183.54,64.082,176.281
2024-05-21,464.63,191.053,183.15,65.061,177.208
2024-05-22,467.78,189.612,183.13,64.047,175.744
2024-05-23,465.78,185.619,181.05,63.567,172.923
2024-05-24,478.22,188.698,180.75,64.675,174.357
2024-05-28,479.92,188.708,182.15,64.9,175.764
2024-05-29,474.36,189.006,182.02,65.462,175.264
2024-05-30,467.05,189.999,179.32,64.766,171.488
2024-05-31,466.83,190.953,176.44,64.162,171.877
2024-06-03,477.49,192.721,178.34,63.379,172.544
2024-06-04,476.99,193.039,179.34,63.162,173.163
2024-06-05,495.06,194.548,181.28,65.027,174.777
2024-06-06,493.76,193.169,185.0,64.852,176.091
2024-06-07,492.96,195.561,184.3,64.147,173.83
2024-06-10,502.6,191.817,187.06,64.45,174.578
2024-06-11,507.47,205.754,187.23,64.855,176.184
2024-06-12,508.84,211.634,186.89,65.006,177.351
2024-06-13,504.1,212.794,183.83,65.326,174.728
2024-06-14,504.16,211.056,183.66,66.938,176.354
2024-06-17,506.63,215.209,184.06,67.583,176.802
2024-06-18,499.49,212.844,182.81,68.567,174.658
2024-06-20,501.7,208.265,186.1,67.903,175.864
2024-06-21,494.78,206.09,189.08,68.612,179.187
2024-06-24,498.91,206.736,185.57,66.902,178.777
2024-06-25,510.6,207.659,186.34,67.241,183.576
2024-06-26,513.12,211.811,193.61,67.769,183.426
2024-06-27,519.56,212.655,197.85,68.434,184.952
2024-06-28,504.22,209.198,193.25,67.488,181.701
2024-07-01,504.68,215.286,197.2,67.361,182.539
2024-07-02,509.5,218.783,200.0,67.958,184.783
2024-07-03,509.96,220.056,197.59,68.251,185.362
2024-07-05,539.91,224.814,200.0,69.065,190.129
2024-07-08,529.32,226.284,199.29,68.574,188.563
2024-07-09,530.0,227.138,199.34,68.574,188.514
2024-07-10,534.69,231.409,199.79,67.765,190.708
2024-07-11,512.7,226.035,195.05,65.275,185.112
2024-07-12,498.87,228.984,194.49,64.76,184.613
2024-07-15,496.16,232.819,192.72,65.645,186.07
2024-07-16,489.79,233.237,193.02,65.632,183.466
2024-07-17,461.99,227.336,187.93,64.746,180.573
2024-07-18,475.85,222.667,183.75,64.304,177.252
2024-07-19,476.79,222.797,183.13,63.334,177.222
2024-07-22,487.4,222.449,182.55,64.75,181.221
2024-07-23,488.69,223.491,186.41,64.276,181.341
2024-07-24,461.27,217.066,180.83,63.599,172.204
2024-07-25,453.41,216.024,179.85,63.409,166.867
2024-07-26,465.7,216.49,182.5,63.137,166.588
2024-07-29,465.71,216.768,183.2,62.696,169.111
2024-07-30,463.19,217.323,181.71,62.258,169.869
2024-07-31,474.83,220.581,186.98,62.835,171.117
2024-08-01,497.74,216.888,184.07,62.485,170.339
2024-08-02,488.14,218.377,167.9,61.364,166.248
2024-08-05,475.73,207.859,161.02,59.855,158.857
2024-08-06,494.09,205.832,161.93,60.957,157.899
2024-08-07,488.92,208.404,162.77,61.148,158.547
2024-08-08,509.63,211.871,165.8,63.035,161.63
2024-08-09,517.77,214.782,166.94,63.394,163.266
2024-08-12,515.95,216.312,166.8,63.314,161.889
2024-08-13,528.54,220.032,170.23,64.802,163.754
2024-08-14,526.76,220.479,170.1,66.168,159.974
2024-08-15,537.33,223.461,177.59,66.322,160.902
2024-08-16,527.42,224.786,177.06,67.407,162.558
2024-08-19,529.28,224.626,178.22,68.853,166.258
2024-08-20,526.73,225.243,178.88,69.854,166.767
2024-08-21,535.16,225.133,180.11,69.712,165.44
2024-08-22,531.93,223.274,176.13,68.896,163.396
2024-08-23,528.0,225.571,177.04,68.673,165.212
2024-08-26,521.12,225.908,175.5,68.844,165.75
2024-08-27,519.1,226.753,173.12,69.572,164.274
2024-08-28,516.78,225.223,170.8,68.384,162.448
2024-08-29,518.22,228.503,172.12,69.248,161.381
2024-08-30,521.31,227.718,178.5,70.135,162.976
2024-09-03,511.76,221.523,176.25,67.532,156.971
2024-09-04,512.74,219.614,173.33,67.968,156.064
2024-09-05,516.86,221.136,177.89,68.362,156.852
2024-09-06,500.27,219.584,171.39,66.577,150.547
2024-09-09,504.79,219.673,175.4,67.542,148.54
2024-09-10,504.79,218.878,179.55,67.362,148.49
2024-09-11,511.83,221.413,184.52,68.147,150.987
2024-09-12,525.6,221.523,187.0,68.68,154.513
2024-09-13,524.62,221.255,186.49,69.706,157.28
2024-09-16,533.28,215.109,184.89,69.65,157.879
2024-09-17,536.315,215.577,186.88,70.691,159.138
2024-09-18,537.95,219.455,186.43,69.047,159.627
2024-09-19,559.1,227.588,189.87,70.432,161.954
2024-09-20,561.35,226.923,191.6,70.103,163.403
2024-09-23,564.41,225.203,193.88,70.537,161.665
2024-09-24,563.33,226.098,193.96,72.226,162.104
2024-09-25,568.31,225.103,192.53,72.156,161.305
2024-09-26,567.84,226.247,191.16,71.143,162.544
2024-09-27,567.36,226.515,187.97,70.735,163.762
2024-09-30,572.44,231.696,186.33,70.927,165.66
2024-10-01,576.47,224.943,185.13,70.613,166.799
2024-10-02,572.81,225.511,184.76,71.109,165.67
2024-10-03,582.77,224.406,181.96,70.68,165.67
2024-10-04,595.94,225.531,186.51,71.97,166.869
2024-10-07,584.78,220.449,180.8,70.192,162.793
2024-10-08,592.89,224.506,182.72,72.176,164.192
2024-10-09,590.51,228.256,185.17,72.743,161.675
2024-10-10,583.83,227.758,186.65,73.029,161.894
2024-10-11,589.95,226.277,188.82,72.279,163.053
2024-10-14,590.42,230.006,187.54,71.3,164.771
2024-10-15,586.27,232.541,187.69,70.598,165.271
2024-10-16,576.79,230.483,186.89,70.2,164.971
2024-10-17,576.93,230.851,187.53,68.765,162.743
2024-10-18,576.47,233.685,188.99,76.389,163.233
2024-10-21,575.16,235.157,189.07,77.207,163.882
2024-10-22,582.01,234.541,189.7,76.424,164.951
2024-10-23,563.69,229.468,184.71,74.929,162.594
2024-10-24,567.78,229.281,186.38,75.455,162.534
2024-10-25,573.25,230.116,187.83,75.468,165.081
2024-10-28,578.16,232.093,188.39,74.912,166.529
2024-10-29,593.28,232.363,190.83,75.944,169.486
2024-10-30,591.8,228.812,192.73,75.374,174.26
2024-10-31,567.58,224.646,186.4,75.603,170.914
2024-11-01,567.16,221.662,197.93,75.61,171.094
2024-11-04,560.68,220.767,195.78,75.551,169.046
2024-11-05,572.43,222.2,199.5,76.391,169.546
2024-11-06,572.05,221.473,207.09,78.021,176.308
2024-11-07,591.7,226.207,210.05,79.654,180.543
2024-11-08,589.34,225.938,208.18,79.504,178.146
2024-11-11,583.17,223.221,206.84,80.544,180.144
2024-11-12,584.82,223.221,208.91,81.95,181.412
2024-11-13,580.0,224.107,214.1,83.047,178.675
2024-11-14,577.16,227.192,211.48,83.726,175.379
2024-11-15,554.08,223.988,202.61,82.396,172.293
2024-11-18,554.4,226.994,201.7,84.705,175.099
2024-11-19,561.09,227.252,204.61,87.132,177.916
2024-11-20,565.52,227.968,202.88,88.385,175.779
2024-11-21,563.09,227.491,198.38,89.748,167.438
2024-11-22,559.14,228.835,197.12,89.779,164.571
2024-11-25,565.11,231.821,201.45,86.559,167.458
2024-11-26,573.54,234.001,207.86,87.26,168.926
2024-11-27,569.2,233.872,205.74,87.734,169.036
2024-11-29,574.32,236.262,207.89,88.681,168.757
2024-12-02,592.83,238.512,210.71,89.774,171.294
2024-12-03,613.65,241.559,213.44,90.217,171.144
2024-12-04,613.78,241.915,218.16,91.106,174.17
2024-12-05,608.93,241.945,220.55,91.787,172.442
2024-12-06,623.77,241.746,227.03,93.474,174.51
2024-12-09,613.57,245.639,226.09,91.369,175.37
2024-12-10,619.32,246.655,225.04,91.335,185.17
2024-12-11,632.68,245.38,230.26,93.656,195.4
2024-12-12,630.79,246.845,228.97,92.555,191.96
2024-12-13,620.35,247.012,227.46,91.887,189.82
2024-12-16,624.24,249.91,232.93,92.108,196.66
2024-12-17,619.44,252.338,231.15,91.913,195.42
2024-12-18,597.19,246.934,220.52,88.955,188.4
2024-12-19,595.57,248.666,223.29,90.204,188.51
2024-12-20,585.25,253.344,224.92,90.905,191.41
2024-12-23,599.85,254.121,225.06,91.145,194.63
2024-12-24,607.75,257.037,229.05,93.212,196.11
2024-12-26,603.35,257.854,227.05,92.414,195.6
2024-12-27,599.81,254.439,223.75,90.755,192.76
2024-12-30,591.24,251.065,221.3,90.043,191.24
2024-12-31,585.51,249.292,219.39,89.132,189.3
2025-01-02,599.24,242.752,220.22,88.673,189.43
2025-01-03,604.63,242.265,224.19,88.105,191.79
2025-01-06,630.2,243.897,227.61,88.179,196.87
2025-01-07,617.89,241.119,222.11,87.919,195.49
2025-01-08,610.72,241.608,222.13,87.5,193.95
2025-01-10,615.86,235.783,218.94,83.769,192.04
2025-01-13,608.33,233.345,218.46,84.029,191.01
2025-01-14,594.25,232.23,217.76,82.84,189.66
2025-01-15,617.12,236.799,223.35,84.826,195.55
2025-01-16,611.3,227.232,220.66,84.237,192.91
2025-01-17,612.77,228.944,225.94,85.81,196.0
2025-01-21,616.46,221.637,230.71,86.968,198.05
2025-01-22,623.5,222.822,235.01,95.399,198.37
2025-01-23,636.45,222.652,235.42,98.486,197.98
2025-01-24,647.49,221.777,234.85,97.759,200.21
2025-01-27,659.88,228.825,235.42,97.189,191.81
2025-01-28,674.33,237.187,238.15,97.183,195.3
2025-01-29,676.49,238.282,237.07,97.815,195.41
2025-01-30,687.0,236.52,234.64,97.324,200.87
2025-01-31,689.18,234.937,237.68,97.676,204.02
2025-02-03,697.46,226.984,237.42,97.894,201.23
2025-02-04,704.19,231.751,242.06,99.487,206.38
2025-02-05,704.87,231.424,236.17,101.111,191.33
2025-02-06,711.99,232.17,238.83,101.568,191.6
2025-02-07,714.52,226.605,229.15,101.393,185.34
2025-02-10,717.4,226.874,233.14,102.76,186.47
2025-02-11,719.8,231.827,232.76,100.808,185.32
2025-02-12,725.38,236.063,228.93,102.731,183.61
2025-02-13,728.56,240.708,230.37,104.369,186.14
2025-02-14,736.67,243.767,228.68,105.86,185.23
2025-02-18,716.37,243.637,226.65,103.585,183.77
2025-02-19,703.77,244.035,226.63,104.333,185.27
2025-02-20,694.84,244.993,222.88,102.454,184.56
2025-02-21,683.55,244.713,216.58,100.315,179.66
2025-02-24,668.1275,246.329,212.71,98.839,179.32
2025-02-25,657.5,246.197,212.8,97.724,175.42
2025-02-26,673.7,239.541,214.35,99.006,172.73
2025-02-27,658.24,236.491,208.74,96.307,168.5
2025-02-28,668.2,241.015,212.28,98.056,170.28
2025-03-03,655.05,237.219,205.02,97.37,167.01
2025-03-04,640.0,235.126,203.8,97.258,170.92
2025-03-05,656.47,234.936,208.36,99.092,173.02
2025-03-06,627.93,234.529,200.7,90.636,172.35
2025-03-07,625.66,238.255,199.25,89.111,173.86
2025-03-10,597.99,226.704,194.54,86.668,165.87
2025-03-11,605.71,220.088,196.59,89.51,164.04
2025-03-12,619.56,216.24,198.89,91.968,167.11
2025-03-13,590.64,208.965,193.89,89.017,162.76
2025-03-14,607.6,212.762,197.95,91.8,165.49
2025-03-17,604.9,213.271,195.74,95.002,164.29
2025-03-18,582.36,211.965,192.82,92.998,160.67
2025-03-19,584.06,214.506,195.54,95.949,163.89
2025-03-20,586.0,213.371,194.95,95.084,162.8
2025-03-21,596.25,217.526,196.21,96.029,163.99
2025-03-24,618.85,219.978,203.26,97.199,167.68
2025-03-25,626.31,222.988,205.71,99.728,170.56
2025-03-26,610.98,220.775,201.13,97.065,165.06
2025-03-27,602.58,223.088,201.36,97.672,162.24
2025-03-28,576.74,217.157,192.72,93.385,154.33
2025-03-31,576.36,221.373,190.26,93.253,154.64
2025-04-01,586.0,222.429,192.17,92.838,157.07
2025-04-02,583.93,223.128,196.01,93.552,157.04
2025-04-03,531.62,202.498,178.41,91.705,150.72
2025-04-04,504.73,187.738,171.0,85.586,145.6
2025-04-07,516.25,180.842,175.26,86.783,146.75
2025-04-08,510.45,171.832,170.66,87.04,144.7
2025-04-09,585.77,198.173,191.1,94.547,158.71
2025-04-10,546.29,189.771,181.22,92.117,152.82
2025-04-11,543.57,197.475,184.87,91.829,157.14
2025-04-14,531.48,201.83,182.12,93.128,159.07
2025-04-15,521.52,201.451,179.59,97.628,156.31
2025-04-16,502.31,193.608,174.33,96.163,153.33
2025-04-17,501.48,196.309,172.61,97.303,151.16
2025-04-21,484.66,192.501,167.32,98.791,147.67
2025-04-22,500.28,199.059,173.18,104.034,151.47
2025-04-23,520.27,203.902,180.6,104.959,155.35
2025-04-24,533.15,207.66,186.54,109.687,159.28
2025-04-25,547.27,208.567,188.99,110.153,161.96
2025-04-28,549.74,209.424,187.7,111.038,160.61
2025-04-29,554.44,210.49,187.39,112.564,160.16
2025-04-30,549.0,211.776,184.42,113.172,158.8
2025-05-01,572.21,212.593,190.2,113.347,161.3
2025-05-02,597.02,204.651,189.98,115.649,164.03
2025-05-05,599.27,198.213,186.35,113.406,164.21
2025-05-06,587.31,197.833,185.01,113.769,163.23
2025-05-07,596.81,195.581,188.71,115.541,151.38
2025-05-08,598.01,196.816,192.08,114.443,154.28
2025-05-09,592.49,197.853,193.06,114.022,152.75
2025-05-12,639.43,210.347,208.64,111.0,158.46
2025-05-13,656.03,212.483,211.37,113.844,159.53
2025-05-14,659.36,211.884,210.25,115.099,165.37
2025-05-15,643.88,211.005,205.17,117.798,163.96
2025-05-16,640.34,210.817,205.59,119.153,166.19
2025-05-19,640.43,208.341,206.16,119.164,166.54
2025-05-20,637.1,206.425,204.07,119.202,163.98
2025-05-21,635.5,201.666,201.12,119.463,168.56
2025-05-22,636.57,200.937,203.1,118.797,170.87
2025-05-23,627.06,194.86,200.99,118.539,168.47
2025-05-27,642.32,199.789,206.02,121.157,172.9
2025-05-28,643.58,199.999,204.72,120.855,172.36
2025-05-29,645.05,199.53,205.7,118.486,171.86
2025-05-30,647.49,200.428,205.01,120.723,171.74
2025-06-02,670.9,201.276,206.65,121.898,169.03
2025-06-03,666.85,202.843,205.71,121.794,166.18
2025-06-04,687.95,202.394,207.23,123.966,168.05
2025-06-05,684.62,200.209,207.91,125.052,168.21
2025-06-06,697.71,203.492,213.57,124.148,173.68
2025-06-09,694.06,201.027,216.98,122.446,176.09
2025-06-10,702.4,202.244,217.61,120.362,178.6
2025-06-11,694.14,198.363,213.2,121.988,177.35
2025-06-12,693.36,198.781,213.24,121.503,175.7
2025-06-13,682.87,196.037,212.1,121.215,174.67
2025-06-16,702.12,198.003,216.1,122.535,176.77
2025-06-17,697.23,195.229,214.82,122.067,175.95
2025-06-18,695.77,196.167,212.52,122.229,173.32
2025-06-20,682.35,200.578,209.69,123.141,166.64
2025-06-23,698.53,201.077,208.47,125.354,165.19
2025-06-24,712.2,199.879,212.77,127.911,166.77
2025-06-25,708.68,201.137,211.99,127.525,170.68
2025-06-26,726.09,200.578,217.12,130.667,173.54
2025-06-27,733.63,200.657,223.3,132.312,178.53
2025-06-30,738.09,204.739,219.39,133.913,176.23
2025-07-01,719.22,207.383,220.46,129.36,175.84
2025-07-02,713.57,211.993,219.92,128.486,178.64
2025-07-03,719.01,213.101,223.41,129.718,179.53
2025-07-07,718.35,209.509,223.47,128.962,176.79
2025-07-08,720.67,209.569,219.36,127.531,174.36
2025-07-09,732.78,210.697,222.54,128.828,176.62
2025-07-10,727.24,211.964,222.26,125.059,177.62
2025-07-11,717.51,210.717,225.02,124.511,180.19
2025-07-14,720.92,208.182,225.69,126.195,181.56
2025-07-15,710.39,208.671,226.35,126.027,182.0
2025-07-16,702.91,209.719,223.19,125.031,182.97
2025-07-17,701.41,209.579,223.88,127.417,183.58
2025-07-18,704.28,210.737,226.13,120.924,185.06
2025-07-21,712.965,212.033,229.3,123.327,190.1
2025-07-22,704.81,213.95,227.47,119.008,191.34
2025-07-23,713.58,213.7,228.29,117.678,190.23
2025-07-24,714.8,213.311,232.23,118.076,192.17
2025-07-25,712.68,213.431,231.44,118.049,193.18
2025-07-28,717.63,213.6,232.79,117.46,192.58
2025-07-29,700.0,210.826,231.01,116.874,195.75
2025-07-30,695.21,208.611,230.19,118.42,196.53
2025-07-31,773.44,207.134,234.11,115.94,191.9
2025-08-01,750.01,201.955,214.75,115.86,189.13
2025-08-04,776.37,202.922,211.65,117.099,195.04
2025-08-05,763.46,202.494,213.75,114.787,194.67
2025-08-06,771.99,212.802,222.31,117.848,196.09
2025-08-07,761.83,219.568,223.13,118.037,196.52
2025-08-08,769.3,228.868,222.69,121.164,201.42
2025-08-11,765.87,226.96,221.3,121.831,201.0
2025-08-12,790.0,229.428,221.47,122.528,203.34
2025-08-13,780.08,233.104,224.56,120.444,201.96
2025-08-14,782.13,232.555,230.98,123.056,202.94
2025-08-15,785.23,231.366,231.03,123.895,203.9
2025-08-18,767.37,230.666,231.49,124.509,203.5
2025-08-19,751.48,230.337,228.01,121.415,201.57
2025-08-20,747.72,225.791,223.81,121.386,199.32
2025-08-21,739.1,224.682,221.95,120.621,199.75
2025-08-22,754.79,227.539,228.84,120.465,206.09
2025-08-25,753.3,226.94,227.94,121.807,208.49
2025-08-26,754.1,229.088,228.71,122.609,207.14
2025-08-27,747.38,230.267,229.12,122.35,207.48
2025-08-28,751.11,232.335,231.6,123.145,211.64
2025-08-29,738.7,231.915,229.0,120.825,212.91
2025-09-02,735.11,229.498,225.34,121.411,211.35
2025-09-03,737.05,238.239,225.99,122.618,230.66
2025-09-04,748.65,239.548,235.68,125.748,232.3
2025-09-05,752.45,239.458,232.33,124.382,235.0
2025-09-08,752.3,237.65,235.84,124.476,234.04
2025-09-09,765.7,234.123,238.24,126.325,239.63
2025-09-10,751.98,226.57,230.33,124.771,239.17
2025-09-11,750.9,229.807,229.95,120.35,240.37
2025-09-12,755.59,233.843,228.15,118.844,240.8
2025-09-15,764.7,236.471,231.43,120.226,251.61
2025-09-16,779.0,237.919,234.05,120.051,251.16
2025-09-17,775.715,238.759,231.62,122.85,249.53
2025-09-18,780.25,237.65,231.23,120.778,252.03
2025-09-19,778.38,245.262,231.48,122.697,254.72
2025-09-22,765.16,255.832,227.63,122.737,252.53
2025-09-23,755.4,254.184,220.71,121.847,251.66
2025-09-24,760.66,252.066,220.21,120.395,247.14
2025-09-25,748.91,256.621,218.15,120.824,245.79
2025-09-26,743.75,255.213,219.78,121.061,246.54
2025-09-29,743.4,254.184,222.17,120.641,244.05
2025-09-30,734.38,254.383,219.57,119.892,243.1
2025-10-01,717.34,255.203,220.63,117.09,244.9
2025-10-02,727.05,256.881,222.41,116.253,245.69
2025-10-03,710.56,257.77,219.51,115.332,245.35
2025-10-06,715.66,256.441,220.9,116.331,250.43
2025-10-07,713.08,256.232,221.78,119.106,245.76
2025-10-08,717.84,257.81,225.22,121.425,244.62
2025-10-09,733.51,253.794,227.74,123.107,241.53
2025-10-10,705.3,245.032,216.37,122.008,236.57
2025-10-13,715.7,247.42,220.07,121.903,244.15
2025-10-14,708.65,247.53,216.39,121.535,245.45
2025-10-15,717.55,249.099,215.57,120.329,251.03
2025-10-16,712.07,247.21,214.47,118.359,251.46
2025-10-17,716.915,252.046,213.04,119.936,253.3
2025-10-20,732.17,261.986,216.48,123.856,256.55
2025-10-21,733.27,262.516,222.03,124.135,250.46
2025-10-22,733.41,258.2,217.95,111.637,251.69
2025-10-23,734.0,259.329,221.09,111.359,253.08
2025-10-24,738.36,262.565,224.21,109.469,259.92
2025-10-27,750.82,268.55,226.97,109.456,269.27
2025-10-28,751.44,268.739,229.25,110.25,267.47
2025-10-29,751.67,269.439,230.3,110.041,274.57
2025-10-30,666.47,271.137,222.86,108.9,281.48
2025-10-31,648.35,270.108,244.22,111.886,281.19
2025-11-03,637.71,268.789,254.0,110.009,283.72
2025-11-04,627.32,269.778,249.32,109.296,277.54
2025-11-05,635.95,269.878,250.2,109.846,284.31
2025-11-06,618.94,269.509,243.04,109.702,284.75
2025-11-07,621.71,268.21,244.41,110.366,278.83
2025-11-10,631.76,269.43,248.4,112.007,290.1
2025-11-11,627.08,275.25,249.1,113.644,291.31
2025-11-12,609.01,273.47,244.2,115.75,286.71
2025-11-13,609.89,272.95,237.58,115.423,278.57
2025-11-14,609.46,272.41,234.69,111.217,276.41
2025-11-17,602.01,267.46,232.87,110.29,285.02
2025-11-18,597.69,267.44,222.55,114.09,284.28
2025-11-19,590.32,268.56,222.69,110.0,292.81
2025-11-20,589.15,266.25,217.14,105.67,289.45
2025-11-21,594.25,271.49,220.69,104.31,299.66
2025-11-24,613.05,275.92,226.28,106.97,318.58
2025-11-25,636.22,276.97,229.67,104.4,323.44
2025-11-26,633.61,277.55,229.16,106.14,319.95
2025-11-28,647.95,278.85,233.22,107.58,320.18
2025-12-01,640.87,283.1,233.88,109.13,314.89
2025-12-02,647.1,286.19,234.42,109.35,315.81
2025-12-03,639.6,284.15,232.38,103.96,319.63
2025-12-04,661.53,280.7,229.11,103.22,317.62
2025-12-05,673.42,278.78,229.53,100.24,321.27
2025-12-08,666.8,277.89,226.89,96.79,313.72
2025-12-09,656.96,277.18,227.92,96.71,317.08
2025-12-10,650.13,278.78,231.78,92.71,320.21
2025-12-11,652.71,278.03,230.28,94.09,312.43
2025-12-12,644.23,278.28,226.19,95.19,309.29
2025-12-15,647.51,274.11,222.54,93.77,308.22
2025-12-16,657.15,274.61,222.56,94.57,306.57
2025-12-17,649.5,271.84,221.27,94.79,296.72
2025-12-18,664.45,272.19,226.76,94.0,302.46
2025-12-19,658.77,273.67,227.35,94.39,307.16
2025-12-22,661.5,270.97,228.43,93.23,309.78
2025-12-23,664.94,272.36,232.14,93.5,314.35
2025-12-24,667.55,273.81,232.38,93.64,314.09
2025-12-26,663.29,273.4,232.52,94.47,313.51
2025-12-29,658.69,273.76,232.07,94.15,313.56
2025-12-30,665.95,273.08,232.53,93.78,313.85
2025-12-31,660.09,271.86,230.82,93.76,313.0
